Sr No.,User Name,Date,Review
1,John Doe,04-04-2024,"The product was easy to use and arrived quickly. However, the instructions were a bit confusing."
2,Jane Smith,03-04-2024,"It does the job, but I've seen better quality for the price."
3,Michael Lee,02-04-2024,The item arrived damaged and customer service was unhelpful. 
4,Sarah Garcia,01-04-2024,"I love the design, but the functionality is a bit lacking. "
5,David Kim,31-03-2024,This product exceeded my expectations! Great value for the price.
6,Emily Jones,30-03-2024,It's alright. I was hoping for something a little more substantial.
7,William Brown,29-03-2024,This was a complete waste of money. Do not recommend!
8,Amanda Harris,28-03-2024,"It has some great features, but there are a few bugs that need to be ironed out."
9,Charles Miller,27-03-2024,This is exactly what I was looking for! Perfect for my needs. 
10,Elizabeth Johnson,26-03-2024,The product description was misleading. Disappointed.
